팬덤,근거문장수,총지역언급,검출지역수,지역다양성,대표지역,대표지역비중,서울,부산,대구,인천,광주,대전,울산,세종,경기,강원,충북,충남,전북,전남,경북,경남,제주
싸이,122,43,10,0.588,강원,0.163,6,6,5,4,3,3,0,0,5,7,0,0,3,0,1,0,0
이승철,78,38,9,0.529,경기,0.158,5,4,4,5,3,2,0,0,6,4,5,0,0,0,0,0,0
박서진,99,31,11,0.647,서울,0.258,8,3,4,2,2,2,0,0,1,0,1,1,0,0,4,3,0
송가인,92,31,6,0.353,전남,0.742,1,0,1,0,1,0,0,0,0,0,0,0,3,23,2,0,0
나훈아,70,30,9,0.529,서울,0.333,10,6,5,4,1,0,1,0,0,0,1,0,0,0,1,1,0
god,99,28,4,0.235,서울,0.536,15,8,3,2,0,0,0,0,0,0,0,0,0,0,0,0,0
임영웅,131,28,12,0.706,서울,0.214,6,3,2,3,2,3,0,0,3,1,0,1,0,0,1,1,2
거미,87,26,13,0.765,서울,0.192,5,1,2,1,5,0,1,0,4,0,1,1,1,2,0,1,1
빅마마,73,26,7,0.412,서울,0.269,7,5,4,0,0,1,4,0,0,0,0,0,4,0,1,0,0
김연자,73,25,8,0.471,광주,0.28,6,4,1,1,7,0,0,0,2,0,0,0,1,3,0,0,0
잭스키스,85,24,6,0.353,부산,0.458,7,11,2,0,1,0,0,0,2,0,1,0,0,0,0,0,0
리센느(RESCENE),85,22,5,0.294,경남,0.636,1,0,0,0,0,2,0,0,3,0,0,0,0,0,2,14,0
악동뮤지션,74,21,9,0.529,서울,0.333,7,2,2,1,2,1,0,0,2,0,0,0,0,2,0,2,0
영탁,104,21,7,0.412,서울,0.286,6,2,2,2,0,0,3,0,0,0,0,0,4,0,2,0,0
이문세,70,21,10,0.588,서울,0.238,5,3,3,0,2,2,0,0,1,1,0,0,1,0,1,2,0
정동원,107,20,9,0.529,경남,0.3,2,3,3,1,1,1,0,0,2,0,0,0,1,0,0,6,0
조용필,81,20,6,0.353,서울,0.3,6,4,3,2,1,0,0,0,4,0,0,0,0,0,0,0,0
QWER,103,19,6,0.353,서울,0.684,13,1,1,1,0,0,0,0,1,0,0,2,0,0,0,0,0
다이나믹듀오,68,19,6,0.353,서울,0.316,6,4,4,1,3,0,0,0,0,0,0,0,1,0,0,0,0
이영지,107,19,10,0.588,서울,0.421,8,3,1,1,1,0,1,0,0,1,0,0,1,0,1,1,0
sg워너비,75,18,7,0.412,서울,0.5,9,2,2,1,1,2,0,0,0,0,0,0,1,0,0,0,0
린,78,18,7,0.412,서울,0.389,7,2,2,0,0,3,0,0,0,1,0,0,2,0,1,0,0
엄정화,71,18,4,0.235,부산,0.333,5,6,6,0,0,0,0,0,0,0,1,0,0,0,0,0,0
윤도현,71,18,9,0.529,서울,0.444,8,2,1,0,0,0,2,0,1,0,0,1,0,1,1,1,0
BTS,227,17,5,0.294,서울,0.471,8,6,0,0,0,0,0,0,0,1,0,0,0,0,1,1,0
김호중,91,17,6,0.353,경북,0.353,4,1,3,0,0,0,0,0,0,0,0,2,0,0,6,1,0
로이킴,89,17,6,0.353,서울,0.588,10,3,1,1,0,1,0,0,0,0,0,1,0,0,0,0,0
윤하,83,17,7,0.412,서울,0.412,7,4,2,1,1,1,0,0,0,0,0,0,0,1,0,0,0
장윤정,92,17,7,0.412,경기,0.353,2,1,0,4,0,2,0,0,6,0,0,0,0,0,1,1,0
지드래곤 (G-Dragon),133,17,4,0.235,서울,0.471,8,6,0,0,0,0,0,0,1,0,0,0,0,0,2,0,0
박효신,91,15,5,0.294,인천,0.467,5,1,1,7,1,0,0,0,0,0,0,0,0,0,0,0,0
아이유,110,15,4,0.235,서울,0.733,11,0,0,1,0,0,0,0,1,0,0,0,0,0,0,0,2
10CM,85,14,4,0.235,서울,0.571,8,3,1,0,0,2,0,0,0,0,0,0,0,0,0,0,0
NCT,164,13,4,0.235,서울,0.692,9,0,1,0,0,0,0,0,1,0,0,0,0,0,2,0,0
RIIZE,121,13,4,0.235,서울,0.538,7,0,0,3,0,1,0,0,2,0,0,0,0,0,0,0,0
김재중,77,12,3,0.176,서울,0.833,10,0,0,1,0,0,0,0,0,1,0,0,0,0,0,0,0
비비,74,12,5,0.294,서울,0.5,6,2,0,0,2,0,1,0,0,0,0,0,1,0,0,0,0
소녀시대,122,12,4,0.235,서울,0.75,9,0,1,1,0,0,0,0,0,0,0,0,0,1,0,0,0
이찬원,106,12,6,0.353,서울,0.417,5,0,2,2,0,0,0,0,0,0,0,1,0,1,0,1,0
(여자)아이들,118,11,4,0.235,서울,0.727,8,1,0,0,0,0,0,0,1,1,0,0,0,0,0,0,0
HOT,97,11,2,0.118,서울,0.636,7,0,0,4,0,0,0,0,0,0,0,0,0,0,0,0,0
SEVENTEEN,157,11,5,0.294,제주,0.455,2,1,1,2,0,0,0,0,0,0,0,0,0,0,0,0,5
권은비,90,11,5,0.294,서울,0.545,6,1,1,0,0,0,0,0,0,0,0,0,0,2,1,0,0
잔나비,69,11,4,0.235,서울,0.727,8,1,1,0,1,0,0,0,0,0,0,0,0,0,0,0,0
츄,93,11,7,0.412,서울,0.273,3,0,3,1,0,1,0,0,1,0,1,0,0,0,1,0,0
CNBLUE,84,10,3,0.176,서울,0.6,6,3,1,0,0,0,0,0,0,0,0,0,0,0,0,0,0
EXO,121,10,3,0.176,서울,0.8,8,0,0,1,0,0,0,0,0,0,0,0,0,0,0,1,0
aespa,158,10,4,0.235,서울,0.6,6,0,0,2,0,1,0,0,0,0,0,1,0,0,0,0,0
워너원,123,10,2,0.118,서울,0.8,8,2,0,0,0,0,0,0,0,0,0,0,0,0,0,0,0
프로미스나인,89,10,5,0.294,서울,0.6,6,1,0,0,0,1,0,0,0,1,0,1,0,0,0,0,0
A-pink,95,9,6,0.353,서울,0.222,2,1,2,0,0,0,0,0,2,0,0,1,1,0,0,0,0
BTOB,82,9,5,0.294,강원,0.333,2,0,1,0,0,0,0,0,0,3,0,1,0,0,2,0,0
Hearts2Hearts,102,9,3,0.176,서울,0.778,7,1,0,0,0,1,0,0,0,0,0,0,0,0,0,0,0
IKON,96,9,3,0.176,서울,0.778,7,0,0,0,0,0,0,0,1,1,0,0,0,0,0,0,0
LE SSERAFIM,143,9,5,0.294,서울,0.333,3,3,0,1,1,0,0,0,0,0,0,1,0,0,0,0,0
NewJeans,154,9,3,0.176,서울,0.667,6,2,0,0,0,0,0,0,0,1,0,0,0,0,0,0,0
Zion.T,79,9,4,0.235,서울,0.667,6,1,0,1,0,0,0,0,1,0,0,0,0,0,0,0,0
김동률,83,9,2,0.118,서울,0.778,7,2,0,0,0,0,0,0,0,0,0,0,0,0,0,0,0
박재범,110,9,6,0.353,서울,0.444,4,1,0,0,0,0,0,0,1,1,0,0,1,0,0,0,1
FTISLAND,73,8,4,0.235,서울,0.625,5,0,1,0,0,0,1,0,0,0,0,0,1,0,0,0,0
몬스타엑스,96,8,4,0.235,서울,0.625,5,0,1,1,0,0,0,0,0,0,0,0,0,0,1,0,0
슈퍼주니어,89,8,3,0.176,서울,0.75,6,0,0,1,0,0,0,0,0,1,0,0,0,0,0,0,0
오마이걸,98,8,4,0.235,서울,0.375,3,0,0,0,0,0,0,0,3,1,0,1,0,0,0,0,0
이효리,120,8,2,0.118,제주,0.625,3,0,0,0,0,0,0,0,0,0,0,0,0,0,0,0,5
BABYMONSTER,132,7,3,0.176,서울,0.571,4,0,0,0,0,1,0,0,0,2,0,0,0,0,0,0,0
CORTIS,135,7,5,0.294,서울,0.286,2,0,0,2,0,0,0,0,1,0,0,1,1,0,0,0,0
DAY6,101,7,4,0.235,부산,0.429,2,3,1,1,0,0,0,0,0,0,0,0,0,0,0,0,0
IVE,100,7,3,0.176,서울,0.571,4,0,1,0,0,0,0,0,2,0,0,0,0,0,0,0,0
성시경,80,7,5,0.294,서울,0.429,3,0,1,0,0,0,0,0,0,0,1,0,1,0,0,1,0
아이오아이,95,7,2,0.118,서울,0.857,6,0,0,0,0,0,0,0,0,0,0,0,1,0,0,0,0
ATEEZ,113,6,4,0.235,경남,0.5,0,0,0,1,0,0,1,0,0,0,0,0,0,0,1,3,0
STAYC,92,6,3,0.176,서울,0.667,4,1,0,0,0,0,0,0,0,0,0,1,0,0,0,0,0
Stray Kids,163,6,6,0.353,서울,0.167,1,0,1,1,0,0,1,0,0,0,0,0,0,0,1,1,0
다비치,80,6,4,0.235,서울,0.5,3,0,0,1,0,0,0,0,1,0,0,1,0,0,0,0,0
레드벨벳,118,6,3,0.176,서울,0.5,3,0,1,0,0,2,0,0,0,0,0,0,0,0,0,0,0
브라운아이즈,82,6,2,0.118,서울,0.833,5,0,0,0,0,0,0,0,1,0,0,0,0,0,0,0,0
빈지노,79,6,2,0.118,서울,0.833,5,0,0,0,0,0,0,0,0,1,0,0,0,0,0,0,0
여자친구,93,6,1,0.059,서울,1.0,6,0,0,0,0,0,0,0,0,0,0,0,0,0,0,0,0
지코,101,6,4,0.235,서울,0.5,3,1,1,0,0,0,0,0,0,0,0,0,0,0,1,0,0
최예나,96,6,3,0.176,경기,0.5,1,0,0,0,0,0,0,0,3,0,0,0,0,0,2,0,0
백지영,72,5,4,0.235,서울,0.4,2,0,0,0,1,0,0,0,1,1,0,0,0,0,0,0,0
보아,76,5,1,0.059,서울,1.0,5,0,0,0,0,0,0,0,0,0,0,0,0,0,0,0,0
샤이니,77,5,2,0.118,서울,0.8,4,0,0,0,0,0,0,0,0,0,0,0,0,0,0,1,0
아일릿,107,5,3,0.176,서울,0.6,3,0,0,0,0,0,0,0,1,0,0,1,0,0,0,0,0
TWICE,191,4,3,0.176,울산,0.5,1,0,0,1,0,0,2,0,0,0,0,0,0,0,0,0,0
동방신기,82,4,3,0.176,광주,0.5,0,0,0,0,2,0,0,0,0,1,0,0,0,1,0,0,0
마마무,94,4,2,0.118,서울,0.5,2,0,0,0,0,0,0,0,0,0,0,0,2,0,0,0,0
박정현,70,4,3,0.176,서울,0.5,2,0,1,0,0,0,0,0,0,0,1,0,0,0,0,0,0
엔믹스,110,4,3,0.176,인천,0.5,1,0,0,2,0,0,0,0,0,0,0,0,1,0,0,0,0
청하,79,4,4,0.235,서울,0.25,1,0,0,1,0,0,0,0,0,1,1,0,0,0,0,0,0
카더가든,74,4,4,0.235,대구,0.25,0,0,1,1,0,0,0,0,0,0,0,0,0,0,0,1,1
케이윌,71,4,4,0.235,서울,0.25,1,0,1,0,0,0,0,0,1,1,0,0,0,0,0,0,0
BLACKPINK,195,3,3,0.176,서울,0.333,1,0,0,1,0,0,0,0,1,0,0,0,0,0,0,0,0
Crush,99,3,3,0.176,서울,0.333,1,0,0,0,1,0,0,0,1,0,0,0,0,0,0,0,0
ITZY,107,3,2,0.118,서울,0.667,2,0,0,1,0,0,0,0,0,0,0,0,0,0,0,0,0
볼빨간사춘기,88,3,2,0.118,인천,0.667,1,0,0,2,0,0,0,0,0,0,0,0,0,0,0,0,0
GOT7,107,2,1,0.059,서울,1.0,2,0,0,0,0,0,0,0,0,0,0,0,0,0,0,0,0
빅뱅,97,2,2,0.118,서울,0.5,1,0,0,0,0,0,0,0,0,0,0,0,0,0,0,1,0
에픽하이,87,2,2,0.118,대구,0.5,0,0,1,1,0,0,0,0,0,0,0,0,0,0,0,0,0
투어스(TWS),90,0,0,0.0,,0,0,0,0,0,0,0,0,0,0,0,0,0,0,0,0,0,0
