연도,가맹점광역시도,소비영역,VLM,지역전체소비,전국영역소비,전국전체소비,지역비중,전국비중,LQ,엔트로피기여도,엔트로피,EQ
2025,강원,숙박,675911621521.0,12139874249886.0,5504707542350.0,636613639290625.0,0.05568,0.00865,6.439,0.16081131576138857,1.1738,0.7293
2025,강원,음식,5821860650181.0,12139874249886.0,142466028322281.0,636613639290625.0,0.47957,0.22379,2.143,0.35241940463150556,1.1738,0.7293
2025,강원,공연/전시,124856831981.0,12139874249886.0,4549638109282.0,636613639290625.0,0.01028,0.00715,1.439,0.04705726559485861,1.1738,0.7293
2025,강원,레저활동,1373762707936.0,12139874249886.0,54342708662498.0,636613639290625.0,0.11316,0.08536,1.326,0.24657026858321887,1.1738,0.7293
2025,강원,관광/쇼핑,4143482438267.0,12139874249886.0,429750556654214.0,636613639290625.0,0.34131,0.67506,0.506,0.36689600508134546,1.1738,0.7293
2025,경기,레저활동,14694330471724.0,159366693798733.0,54342708662498.0,636613639290625.0,0.0922,0.08536,1.08,0.2197859126842861,0.8804,0.547
2025,경기,공연/전시,1168988143506.0,159366693798733.0,4549638109282.0,636613639290625.0,0.00734,0.00715,1.026,0.03607181664285093,0.8804,0.547
2025,경기,음식,35989855948904.0,159366693798733.0,142466028322281.0,636613639290625.0,0.22583,0.22379,1.009,0.3360288918127849,0.8804,0.547
2025,경기,관광/쇼핑,106924035079872.0,159366693798733.0,429750556654214.0,636613639290625.0,0.67093,0.67506,0.994,0.26776176860768097,0.8804,0.547
2025,경기,숙박,589484154727.0,159366693798733.0,5504707542350.0,636613639290625.0,0.0037,0.00865,0.428,0.020717863099528246,0.8804,0.547
2025,경남,음식,6182558132653.0,13888046969382.0,142466028322281.0,636613639290625.0,0.44517,0.22379,1.989,0.36027565688475693,1.0959,0.6809
2025,경남,숙박,194629243592.0,13888046969382.0,5504707542350.0,636613639290625.0,0.01401,0.00865,1.621,0.05979445470005143,1.0959,0.6809
2025,경남,레저활동,1775213827312.0,13888046969382.0,54342708662498.0,636613639290625.0,0.12782,0.08536,1.497,0.26294264480342333,1.0959,0.6809
2025,경남,공연/전시,140920801834.0,13888046969382.0,4549638109282.0,636613639290625.0,0.01015,0.00715,1.42,0.046591357970967556,1.0959,0.6809
2025,경남,관광/쇼핑,5594724963991.0,13888046969382.0,429750556654214.0,636613639290625.0,0.40284,0.67506,0.597,0.36626850020457147,1.0959,0.6809
2025,경북,숙박,213723970515.0,10579044583627.0,5504707542350.0,636613639290625.0,0.0202,0.00865,2.336,0.07882186802641455,1.0992,0.683
2025,경북,음식,4888782344971.0,10579044583627.0,142466028322281.0,636613639290625.0,0.46212,0.22379,2.065,0.35672460647346554,1.0992,0.683
2025,경북,공연/전시,107865448490.0,10579044583627.0,4549638109282.0,636613639290625.0,0.0102,0.00715,1.427,0.0467707490986575,1.0992,0.683
2025,경북,레저활동,1225778914878.0,10579044583627.0,54342708662498.0,636613639290625.0,0.11587,0.08536,1.357,0.24973303586011075,1.0992,0.683
2025,경북,관광/쇼핑,4142893904773.0,10579044583627.0,429750556654214.0,636613639290625.0,0.39161,0.67506,0.58,0.3671300016523792,1.0992,0.683
2025,광주,음식,2902505055769.0,7866813427915.0,142466028322281.0,636613639290625.0,0.36896,0.22379,1.649,0.36787785577995635,1.037,0.6443
2025,광주,공연/전시,81924631243.0,7866813427915.0,4549638109282.0,636613639290625.0,0.01041,0.00715,1.457,0.047521529206058254,1.037,0.6443
2025,광주,레저활동,883579606062.0,7866813427915.0,54342708662498.0,636613639290625.0,0.11232,0.08536,1.316,0.24557682300330475,1.037,0.6443
2025,광주,관광/쇼핑,3952552243310.0,7866813427915.0,429750556654214.0,636613639290625.0,0.50243,0.67506,0.744,0.3458220425714936,1.037,0.6443
2025,광주,숙박,46251891531.0,7866813427915.0,5504707542350.0,636613639290625.0,0.00588,0.00865,0.68,0.030200847280381016,1.037,0.6443
2025,대구,레저활동,1789682843405.0,14874170799643.0,54342708662498.0,636613639290625.0,0.12032,0.08536,1.41,0.2547896823876827,1.0282,0.6389
2025,대구,음식,4453992081318.0,14874170799643.0,142466028322281.0,636613639290625.0,0.29944,0.22379,1.338,0.3610770935351729,1.0282,0.6389
2025,대구,공연/전시,138253846272.0,14874170799643.0,4549638109282.0,636613639290625.0,0.00929,0.00715,1.301,0.043466207385992855,1.0282,0.6389
2025,대구,숙박,143272678046.0,14874170799643.0,5504707542350.0,636613639290625.0,0.00963,0.00865,1.114,0.04471085787204735,1.0282,0.6389
2025,대구,관광/쇼핑,8348969350602.0,14874170799643.0,429750556654214.0,636613639290625.0,0.56131,0.67506,0.831,0.32414638853166683,1.0282,0.6389
2025,대전,음식,3584537762012.0,13125979706493.0,142466028322281.0,636613639290625.0,0.27309,0.22379,1.22,0.35445822175663627,0.9222,0.573
2025,대전,공연/전시,98190538976.0,13125979706493.0,4549638109282.0,636613639290625.0,0.00748,0.00715,1.047,0.03661850820272822,0.9222,0.573
2025,대전,레저활동,1126900273853.0,13125979706493.0,54342708662498.0,636613639290625.0,0.08585,0.08536,1.006,0.2107749444271783,0.9222,0.573
2025,대전,관광/쇼핑,8245216792975.0,13125979706493.0,429750556654214.0,636613639290625.0,0.62816,0.67506,0.931,0.29206950469632065,0.9222,0.573
2025,대전,숙박,71134338677.0,13125979706493.0,5504707542350.0,636613639290625.0,0.00542,0.00865,0.627,0.028279714292335757,0.9222,0.573
2025,부산,숙박,417790575920.0,20262191542355.0,5504707542350.0,636613639290625.0,0.02062,0.00865,2.385,0.08003640216411032,1.0535,0.6546
2025,부산,음식,6977114503172.0,20262191542355.0,142466028322281.0,636613639290625.0,0.34434,0.22379,1.539,0.36710973649682643,1.0535,0.6546
2025,부산,공연/전시,183784104107.0,20262191542355.0,4549638109282.0,636613639290625.0,0.00907,0.00715,1.269,0.04265424194473568,1.0535,0.6546
2025,부산,레저활동,1971741362043.0,20262191542355.0,54342708662498.0,636613639290625.0,0.09731,0.08536,1.14,0.22671804604562518,1.0535,0.6546
2025,부산,관광/쇼핑,10711760997113.0,20262191542355.0,429750556654214.0,636613639290625.0,0.52866,0.67506,0.783,0.33697305211431205,1.0535,0.6546
2025,서울,관광/쇼핑,248140668057381.0,312607047994629.0,429750556654214.0,636613639290625.0,0.79378,0.67506,1.176,0.18332264500028453,0.6853,0.4258
2025,서울,공연/전시,1841527941471.0,312607047994629.0,4549638109282.0,636613639290625.0,0.00589,0.00715,0.824,0.030242200766966803,0.6853,0.4258
2025,서울,레저활동,20932878817482.0,312607047994629.0,54342708662498.0,636613639290625.0,0.06696,0.08536,0.784,0.18103706374354941,0.6853,0.4258
2025,서울,숙박,1624942447063.0,312607047994629.0,5504707542350.0,636613639290625.0,0.0052,0.00865,0.601,0.027347302597652726,0.6853,0.4258
2025,서울,음식,40067030731232.0,312607047994629.0,142466028322281.0,636613639290625.0,0.12817,0.22379,0.573,0.26331216233988264,0.6853,0.4258
2025,세종,레저활동,406166904659.0,1860607193255.0,54342708662498.0,636613639290625.0,0.2183,0.08536,2.557,0.33222749886754793,1.1489,0.7138
2025,세종,음식,799388855860.0,1860607193255.0,142466028322281.0,636613639290625.0,0.42964,0.22379,1.92,0.3629631502615942,1.1489,0.7138
2025,세종,공연/전시,21950396776.0,1860607193255.0,4549638109282.0,636613639290625.0,0.0118,0.00715,1.651,0.052387937820624106,1.1489,0.7138
2025,세종,숙박,13208246380.0,1860607193255.0,5504707542350.0,636613639290625.0,0.0071,0.00865,0.821,0.03512838951403756,1.1489,0.7138
2025,세종,관광/쇼핑,619892789580.0,1860607193255.0,429750556654214.0,636613639290625.0,0.33317,0.67506,0.494,0.3661879495256831,1.1489,0.7138
2025,울산,음식,2498926381560.0,5427507998047.0,142466028322281.0,636613639290625.0,0.46042,0.22379,2.057,0.3571091935803262,1.0849,0.6741
2025,울산,레저활동,711708574775.0,5427507998047.0,54342708662498.0,636613639290625.0,0.13113,0.08536,1.536,0.2663992602590704,1.0849,0.6741
2025,울산,숙박,64452056656.0,5427507998047.0,5504707542350.0,636613639290625.0,0.01188,0.00865,1.373,0.052662839704765936,1.0849,0.6741
2025,울산,공연/전시,47455647679.0,5427507998047.0,4549638109282.0,636613639290625.0,0.00874,0.00715,1.223,0.041426246080610414,1.0849,0.6741
2025,울산,관광/쇼핑,2104965337377.0,5427507998047.0,429750556654214.0,636613639290625.0,0.38783,0.67506,0.575,0.36734799173383964,1.0849,0.6741
2025,인천,음식,8439462324490.0,20275470032469.0,142466028322281.0,636613639290625.0,0.41624,0.22379,1.86,0.36483155537491707,1.0969,0.6815
2025,인천,숙박,312314098462.0,20275470032469.0,5504707542350.0,636613639290625.0,0.0154,0.00865,1.781,0.06427017165126332,1.0969,0.6815
2025,인천,레저활동,2598088071854.0,20275470032469.0,54342708662498.0,636613639290625.0,0.12814,0.08536,1.501,0.26328052689550946,1.0969,0.6815
2025,인천,공연/전시,179384118814.0,20275470032469.0,4549638109282.0,636613639290625.0,0.00885,0.00715,1.238,0.04183693970666635,1.0969,0.6815
2025,인천,관광/쇼핑,8746221418849.0,20275470032469.0,429750556654214.0,636613639290625.0,0.43137,0.67506,0.639,0.3626911890951923,1.0969,0.6815
2025,전남,숙박,162620070015.0,7950397664947.0,5504707542350.0,636613639290625.0,0.02045,0.00865,2.366,0.07954584550828853,1.0792,0.6706
2025,전남,음식,3714902263233.0,7950397664947.0,142466028322281.0,636613639290625.0,0.46726,0.22379,2.088,0.3555238503553788,1.0792,0.6706
2025,전남,공연/전시,74244110798.0,7950397664947.0,4549638109282.0,636613639290625.0,0.00934,0.00715,1.307,0.04365001390976454,1.0792,0.6706
2025,전남,레저활동,818085449579.0,7950397664947.0,54342708662498.0,636613639290625.0,0.1029,0.08536,1.205,0.23399435675902552,1.0792,0.6706
2025,전남,관광/쇼핑,3180545771322.0,7950397664947.0,429750556654214.0,636613639290625.0,0.40005,0.67506,0.593,0.3665121041613859,1.0792,0.6706
2025,전북,숙박,135189951204.0,7180995035744.0,5504707542350.0,636613639290625.0,0.01883,0.00865,2.177,0.07479848312077522,1.0818,0.6721
2025,전북,음식,3234365241945.0,7180995035744.0,142466028322281.0,636613639290625.0,0.45041,0.22379,2.013,0.359245664732368,1.0818,0.6721
2025,전북,공연/전시,73329254136.0,7180995035744.0,4549638109282.0,636613639290625.0,0.01021,0.00715,1.429,0.046806597873884796,1.0818,0.6721
2025,전북,레저활동,750664874437.0,7180995035744.0,54342708662498.0,636613639290625.0,0.10453,0.08536,1.225,0.2360581304322441,1.0818,0.6721
2025,전북,관광/쇼핑,2987445714022.0,7180995035744.0,429750556654214.0,636613639290625.0,0.41602,0.67506,0.616,0.3648586687074964,1.0818,0.6721
2025,제주,숙박,476724949283.0,6810372176003.0,5504707542350.0,636613639290625.0,0.07,0.00865,8.095,0.18614820258529446,1.1847,0.7361
2025,제주,음식,2773306668109.0,6810372176003.0,142466028322281.0,636613639290625.0,0.40722,0.22379,1.82,0.3658471398824234,1.1847,0.7361
2025,제주,공연/전시,67351822400.0,6810372176003.0,4549638109282.0,636613639290625.0,0.00989,0.00715,1.384,0.045654525908806934,1.1847,0.7361
2025,제주,레저활동,641310557284.0,6810372176003.0,54342708662498.0,636613639290625.0,0.09417,0.08536,1.103,0.22249109134456377,1.1847,0.7361
2025,제주,관광/쇼핑,2851678178927.0,6810372176003.0,429750556654214.0,636613639290625.0,0.41873,0.67506,0.62,0.36451659065766157,1.1847,0.7361
2025,충남,숙박,209898873314.0,10685534199182.0,5504707542350.0,636613639290625.0,0.01964,0.00865,2.272,0.07718887220973625,1.0782,0.6699
2025,충남,음식,4936091132122.0,10685534199182.0,142466028322281.0,636613639290625.0,0.46194,0.22379,2.064,0.35676562389043737,1.0782,0.6699
2025,충남,공연/전시,99961339442.0,10685534199182.0,4549638109282.0,636613639290625.0,0.00935,0.00715,1.309,0.04368674304862241,1.0782,0.6699
2025,충남,레저활동,1103986762875.0,10685534199182.0,54342708662498.0,636613639290625.0,0.10332,0.08536,1.21,0.23452857978715466,1.0782,0.6699
2025,충남,관광/쇼핑,4335596091429.0,10685534199182.0,429750556654214.0,636613639290625.0,0.40574,0.67506,0.601,0.36599481264839684,1.0782,0.6699
2025,충북,음식,5201348244750.0,11712891918315.0,142466028322281.0,636613639290625.0,0.44407,0.22379,1.984,0.36048406778059144,1.0907,0.6777
2025,충북,레저활동,1538828642340.0,11712891918315.0,54342708662498.0,636613639290625.0,0.13138,0.08536,1.539,0.2666569136176099,1.0907,0.6777
2025,충북,숙박,153158375444.0,11712891918315.0,5504707542350.0,636613639290625.0,0.01308,0.00865,1.512,0.056723655803026345,1.0907,0.6777
2025,충북,공연/전시,99649131357.0,11712891918315.0,4549638109282.0,636613639290625.0,0.00851,0.00715,1.19,0.04056302849273723,1.0907,0.6777
2025,충북,관광/쇼핑,4719907524424.0,11712891918315.0,429750556654214.0,636613639290625.0,0.40297,0.67506,0.597,0.3662566772871239,1.0907,0.6777
